<?xml version="1.0"?>
<!-- Generated by PSC -->
<Policies>
  <Policy GUID="i57dQYQCs7baEd7vUNGwVA" Name="Dyn-Security">
    <policy-properties>
      <_Audit-policy-description>Dynamics Security Audit Policy</_Audit-policy-description>
      <_Audit-data-security-level>0</_Audit-data-security-level>
      <_Audit-custom-detail-level>0</_Audit-custom-detail-level>
      <_Audit-policy-active>YES</_Audit-policy-active>
    </policy-properties>
    <audit-table Name="gsc_security_control" Owner="PUB">
      <_Audit-create-level>0</_Audit-create-level>
      <_Create-event-id>5100</_Create-event-id>
      <_Audit-update-level>13</_Audit-update-level>
      <_Update-event-id>5101</_Update-event-id>
      <_Audit-delete-level>12</_Audit-delete-level>
      <_Delete-event-id>5102</_Delete-event-id>
    </audit-table>
    <audit-table Name="gsm_field" Owner="PUB">
      <_Audit-create-level>0</_Audit-create-level>
      <_Create-event-id>5100</_Create-event-id>
      <_Audit-update-level>13</_Audit-update-level>
      <_Update-event-id>5101</_Update-event-id>
      <_Audit-delete-level>12</_Audit-delete-level>
      <_Delete-event-id>5102</_Delete-event-id>
    </audit-table>
    <audit-table Name="gsm_group_allocation" Owner="PUB">
      <_Audit-create-level>0</_Audit-create-level>
      <_Create-event-id>5100</_Create-event-id>
      <_Audit-update-level>13</_Audit-update-level>
      <_Update-event-id>5101</_Update-event-id>
      <_Audit-delete-level>12</_Audit-delete-level>
      <_Delete-event-id>5102</_Delete-event-id>
    </audit-table>
    <audit-table Name="gsm_login_company" Owner="PUB">
      <_Audit-create-level>0</_Audit-create-level>
      <_Create-event-id>5100</_Create-event-id>
      <_Audit-update-level>13</_Audit-update-level>
      <_Update-event-id>5101</_Update-event-id>
      <_Audit-delete-level>12</_Audit-delete-level>
      <_Delete-event-id>5102</_Delete-event-id>
    </audit-table>
    <audit-table Name="gsm_range" Owner="PUB">
      <_Audit-create-level>0</_Audit-create-level>
      <_Create-event-id>5100</_Create-event-id>
      <_Audit-update-level>13</_Audit-update-level>
      <_Update-event-id>5101</_Update-event-id>
      <_Audit-delete-level>12</_Audit-delete-level>
      <_Delete-event-id>5102</_Delete-event-id>
    </audit-table>
    <audit-table Name="gsm_token" Owner="PUB">
      <_Audit-create-level>0</_Audit-create-level>
      <_Create-event-id>5100</_Create-event-id>
      <_Audit-update-level>13</_Audit-update-level>
      <_Update-event-id>5101</_Update-event-id>
      <_Audit-delete-level>12</_Audit-delete-level>
      <_Delete-event-id>5102</_Delete-event-id>
    </audit-table>
    <audit-table Name="gsm_user" Owner="PUB">
      <_Audit-create-level>0</_Audit-create-level>
      <_Create-event-id>5100</_Create-event-id>
      <_Audit-update-level>13</_Audit-update-level>
      <_Update-event-id>5101</_Update-event-id>
      <_Audit-delete-level>12</_Audit-delete-level>
      <_Delete-event-id>5102</_Delete-event-id>
    </audit-table>
    <audit-table Name="gsm_user_allocation" Owner="PUB">
      <_Audit-create-level>0</_Audit-create-level>
      <_Create-event-id>5100</_Create-event-id>
      <_Audit-update-level>13</_Audit-update-level>
      <_Update-event-id>5101</_Update-event-id>
      <_Audit-delete-level>12</_Audit-delete-level>
      <_Delete-event-id>5102</_Delete-event-id>
    </audit-table>
    <audit-table Name="gsm_user_category" Owner="PUB">
      <_Audit-create-level>0</_Audit-create-level>
      <_Create-event-id>5100</_Create-event-id>
      <_Audit-update-level>13</_Audit-update-level>
      <_Update-event-id>5101</_Update-event-id>
      <_Audit-delete-level>12</_Audit-delete-level>
      <_Delete-event-id>5102</_Delete-event-id>
    </audit-table>
  </Policy>
  <Policy GUID="i57dQYQCs7baEeDvMGXKYg" Name="Dyn-Menus">
    <policy-properties>
      <_Audit-policy-description>Dynamics Menu Maintenance</_Audit-policy-description>
      <_Audit-data-security-level>0</_Audit-data-security-level>
      <_Audit-custom-detail-level>0</_Audit-custom-detail-level>
      <_Audit-policy-active>YES</_Audit-policy-active>
    </policy-properties>
    <audit-table Name="gsc_instance_attribute" Owner="PUB">
      <_Audit-create-level>0</_Audit-create-level>
      <_Create-event-id>5100</_Create-event-id>
      <_Audit-update-level>0</_Audit-update-level>
      <_Update-event-id>5101</_Update-event-id>
      <_Audit-delete-level>0</_Audit-delete-level>
      <_Delete-event-id>5102</_Delete-event-id>
    </audit-table>
    <audit-table Name="gsc_item_category" Owner="PUB">
      <_Audit-create-level>0</_Audit-create-level>
      <_Create-event-id>5100</_Create-event-id>
      <_Audit-update-level>0</_Audit-update-level>
      <_Update-event-id>5101</_Update-event-id>
      <_Audit-delete-level>0</_Audit-delete-level>
      <_Delete-event-id>5102</_Delete-event-id>
    </audit-table>
    <audit-table Name="gsm_menu_item" Owner="PUB">
      <_Audit-create-level>0</_Audit-create-level>
      <_Create-event-id>5100</_Create-event-id>
      <_Audit-update-level>0</_Audit-update-level>
      <_Update-event-id>5101</_Update-event-id>
      <_Audit-delete-level>0</_Audit-delete-level>
      <_Delete-event-id>5102</_Delete-event-id>
    </audit-table>
    <audit-table Name="gsm_menu_structure" Owner="PUB">
      <_Audit-create-level>0</_Audit-create-level>
      <_Create-event-id>5100</_Create-event-id>
      <_Audit-update-level>0</_Audit-update-level>
      <_Update-event-id>5101</_Update-event-id>
      <_Audit-delete-level>0</_Audit-delete-level>
      <_Delete-event-id>5102</_Delete-event-id>
    </audit-table>
    <audit-table Name="gsm_menu_structure_item" Owner="PUB">
      <_Audit-create-level>0</_Audit-create-level>
      <_Create-event-id>5100</_Create-event-id>
      <_Audit-update-level>0</_Audit-update-level>
      <_Update-event-id>5101</_Update-event-id>
      <_Audit-delete-level>0</_Audit-delete-level>
      <_Delete-event-id>5102</_Delete-event-id>
    </audit-table>
    <audit-table Name="gsm_object_menu_structure" Owner="PUB">
      <_Audit-create-level>0</_Audit-create-level>
      <_Create-event-id>5100</_Create-event-id>
      <_Audit-update-level>0</_Audit-update-level>
      <_Update-event-id>5101</_Update-event-id>
      <_Audit-delete-level>0</_Audit-delete-level>
      <_Delete-event-id>5102</_Delete-event-id>
    </audit-table>
    <audit-table Name="gsm_translated_menu_item" Owner="PUB">
      <_Audit-create-level>0</_Audit-create-level>
      <_Create-event-id>5100</_Create-event-id>
      <_Audit-update-level>0</_Audit-update-level>
      <_Update-event-id>5101</_Update-event-id>
      <_Audit-delete-level>0</_Audit-delete-level>
      <_Delete-event-id>5102</_Delete-event-id>
    </audit-table>
  </Policy>
  <Policy GUID="i57dQYQCs7baEeDvwPJS+Q" Name="Dyn-Objects">
    <policy-properties>
      <_Audit-policy-description>Dynamics Object Maintenance</_Audit-policy-description>
      <_Audit-data-security-level>0</_Audit-data-security-level>
      <_Audit-custom-detail-level>0</_Audit-custom-detail-level>
      <_Audit-policy-active>YES</_Audit-policy-active>
    </policy-properties>
    <audit-table Name="gsc_object_type" Owner="PUB">
      <_Audit-create-level>0</_Audit-create-level>
      <_Create-event-id>5100</_Create-event-id>
      <_Audit-update-level>13</_Audit-update-level>
      <_Update-event-id>5101</_Update-event-id>
      <_Audit-delete-level>12</_Audit-delete-level>
      <_Delete-event-id>5102</_Delete-event-id>
    </audit-table>
    <audit-table Name="ryc_attribute" Owner="PUB">
      <_Audit-create-level>0</_Audit-create-level>
      <_Create-event-id>5100</_Create-event-id>
      <_Audit-update-level>13</_Audit-update-level>
      <_Update-event-id>5101</_Update-event-id>
      <_Audit-delete-level>12</_Audit-delete-level>
      <_Delete-event-id>5102</_Delete-event-id>
    </audit-table>
    <audit-table Name="ryc_attribute_group" Owner="PUB">
      <_Audit-create-level>0</_Audit-create-level>
      <_Create-event-id>5100</_Create-event-id>
      <_Audit-update-level>13</_Audit-update-level>
      <_Update-event-id>5101</_Update-event-id>
      <_Audit-delete-level>12</_Audit-delete-level>
      <_Delete-event-id>5102</_Delete-event-id>
    </audit-table>
    <audit-table Name="ryc_attribute_value" Owner="PUB">
      <_Audit-create-level>0</_Audit-create-level>
      <_Create-event-id>5100</_Create-event-id>
      <_Audit-update-level>13</_Audit-update-level>
      <_Update-event-id>5101</_Update-event-id>
      <_Audit-delete-level>12</_Audit-delete-level>
      <_Delete-event-id>5102</_Delete-event-id>
    </audit-table>
    <audit-table Name="ryc_layout" Owner="PUB">
      <_Audit-create-level>0</_Audit-create-level>
      <_Create-event-id>5100</_Create-event-id>
      <_Audit-update-level>13</_Audit-update-level>
      <_Update-event-id>5101</_Update-event-id>
      <_Audit-delete-level>12</_Audit-delete-level>
      <_Delete-event-id>5102</_Delete-event-id>
    </audit-table>
    <audit-table Name="ryc_object_instance" Owner="PUB">
      <_Audit-create-level>0</_Audit-create-level>
      <_Create-event-id>5100</_Create-event-id>
      <_Audit-update-level>13</_Audit-update-level>
      <_Update-event-id>5101</_Update-event-id>
      <_Audit-delete-level>12</_Audit-delete-level>
      <_Delete-event-id>5102</_Delete-event-id>
    </audit-table>
    <audit-table Name="ryc_page" Owner="PUB">
      <_Audit-create-level>0</_Audit-create-level>
      <_Create-event-id>5100</_Create-event-id>
      <_Audit-update-level>13</_Audit-update-level>
      <_Update-event-id>5101</_Update-event-id>
      <_Audit-delete-level>12</_Audit-delete-level>
      <_Delete-event-id>5102</_Delete-event-id>
    </audit-table>
    <audit-table Name="ryc_render_type" Owner="PUB">
      <_Audit-create-level>0</_Audit-create-level>
      <_Create-event-id>5100</_Create-event-id>
      <_Audit-update-level>13</_Audit-update-level>
      <_Update-event-id>5101</_Update-event-id>
      <_Audit-delete-level>12</_Audit-delete-level>
      <_Delete-event-id>5102</_Delete-event-id>
    </audit-table>
    <audit-table Name="ryc_smartlink" Owner="PUB">
      <_Audit-create-level>0</_Audit-create-level>
      <_Create-event-id>5100</_Create-event-id>
      <_Audit-update-level>13</_Audit-update-level>
      <_Update-event-id>5101</_Update-event-id>
      <_Audit-delete-level>12</_Audit-delete-level>
      <_Delete-event-id>5102</_Delete-event-id>
    </audit-table>
    <audit-table Name="ryc_smartlink_type" Owner="PUB">
      <_Audit-create-level>0</_Audit-create-level>
      <_Create-event-id>5100</_Create-event-id>
      <_Audit-update-level>13</_Audit-update-level>
      <_Update-event-id>5101</_Update-event-id>
      <_Audit-delete-level>12</_Audit-delete-level>
      <_Delete-event-id>5102</_Delete-event-id>
    </audit-table>
    <audit-table Name="ryc_smartobject" Owner="PUB">
      <_Audit-create-level>0</_Audit-create-level>
      <_Create-event-id>5100</_Create-event-id>
      <_Audit-update-level>13</_Audit-update-level>
      <_Update-event-id>5101</_Update-event-id>
      <_Audit-delete-level>12</_Audit-delete-level>
      <_Delete-event-id>5102</_Delete-event-id>
    </audit-table>
    <audit-table Name="ryc_supported_link" Owner="PUB">
      <_Audit-create-level>0</_Audit-create-level>
      <_Create-event-id>5100</_Create-event-id>
      <_Audit-update-level>13</_Audit-update-level>
      <_Update-event-id>5101</_Update-event-id>
      <_Audit-delete-level>12</_Audit-delete-level>
      <_Delete-event-id>5102</_Delete-event-id>
    </audit-table>
    <audit-table Name="ryc_ui_event" Owner="PUB">
      <_Audit-create-level>0</_Audit-create-level>
      <_Create-event-id>5100</_Create-event-id>
      <_Audit-update-level>13</_Audit-update-level>
      <_Update-event-id>5101</_Update-event-id>
      <_Audit-delete-level>12</_Audit-delete-level>
      <_Delete-event-id>5102</_Delete-event-id>
    </audit-table>
  </Policy>
</Policies>
<!-- SealID=izna+R5+b7zaETnyMIsuCQ;3tMzGi9JDJFCwX0pUHEqaA== -->
